"","row","col"
"AAACCGGGTAGGTACC-1",42,28
"AAACCGTTCGTCCAGG-1",52,42
"AAACCTCATGAAGTTG-1",37,19
"AAACGAAGAACATACC-1",6,64
"AAACGAGACGGTTGAT-1",35,79
"AAACTGCTGGCTCCAA-1",45,67
"AAAGACCCAAGTCGCG-1",10,48
"AAAGACTGGGCGCTTT-1",29,15
"AAAGGCTCTCGCGCCG-1",55,55
"AAAGGGATGTAGCAAG-1",24,62
"AAAGGGCAGCTTGAAT-1",24,26
"AAAGTAGCATTGCTCA-1",51,27
"AAAGTCACTGATGTAA-1",10,52
"AAATAACCATACGGGA-1",14,88
"AAATACCTATAAGCAT-1",47,69
"AAATAGGGTGCTATTG-1",53,79
"AAATCGTGTACCACAA-1",44,56
"AAATGCTCGTTACGTT-1",16,24
"AAATGGCATGTCTTGT-1",13,69
"AAATGGTCAATGTGCC-1",33,51
"AAATTAACGGGTAGCT-1",34,58
"AAATTACACGACTCTG-1",14,86
"AAATTACCTATCGATG-1",26,94
"AAATTGATAGTCCTTT-1",55,31
"AAATTTGCGGGTGTGG-1",47,33
"AACAACTGGTAGTTGC-1",28,42
"AACAATTACTCTACGC-1",29,25
"AACACGACTGTACTGA-1",9,65
"AACACGAGACGCGGCC-1",45,21
"AACAGGAAATCGAATA-1",15,67
"AACAGGATGGGCCGCG-1",29,31
"AACCAAGACTTCTCTG-1",36,24
"AACCCAGAGACGGAGA-1",15,39
"AACCCTGGTGGAACCA-1",8,70
"AACCGAGCTTGGTCAT-1",24,70
"AACCGTTGTGTTTGCT-1",12,64
"AACCTTTAAATACGGT-1",54,68
"AACGATAATGCCGTAG-1",53,73
"AACGATAGAAGGGCCG-1",15,53
"AACGATATGTCAACTG-1",24,76
"AACGCGGTCTCCAGCC-1",23,65
"AACGGCCATCTCCGGT-1",47,39
"AACGTACTGTGGGTAC-1",48,42
"AACGTCAGACTAGTGG-1",24,40
"AACGTGCGAAAGTCTC-1",36,74
"AACTAGGCTTGGGTGT-1",55,61
"AACTCAAGTTAATTGC-1",38,44
"AACTCTCAATAGAGCG-1",35,93
"AACTCTCAGTGTGCTC-1",53,41
"AACTGATATTAGGCCT-1",16,66
"AACTGGGTCCCGACGT-1",20,66
"AACTGGTGTGGGCCTT-1",7,49
"AACTTGCCCGTATGCA-1",29,27
"AACTTTAGCTGCTGAG-1",5,49
"AAGAAGGATCAGTTAG-1",13,25
"AAGACTGCAAGCTACT-1",36,68
"AAGAGATGAATCGGTA-1",27,27
"AAGAGCTCTTTATCGG-1",35,77
"AAGAGGATGTACGCGA-1",39,29
"AAGAGGCATGGATCGC-1",36,80
"AAGATTGGCGGAACGT-1",26,90
"AAGCACCCTGCGTATC-1",59,73
"AAGCATACTCTCCTGA-1",53,69
"AAGCGTCCCTCATCGA-1",57,35
"AAGCTAGATCGAGTAA-1",50,68
"AAGCTCGTGCCAAGTC-1",35,73
"AAGCTCTTTCATGGTG-1",57,81
"AAGGAGCGGTTGGTGC-1",28,48
"AAGGATGAGGGACCTC-1",27,87
"AAGGCGCGTAAAGCTT-1",24,38
"AAGGCTGTGCTCATCG-1",30,46
"AAGGGACAGATTCTGT-1",26,92
"AAGGGACTATGCATTC-1",60,26
"AAGGTATCCTAATATA-1",25,81
"AAGTAGAAGACCGGGT-1",19,47
"AAGTAGTGACGCGAGG-1",33,31
"AAGTGACGACCGAATT-1",41,25
"AAGTGCGTTAGAATCT-1",49,27
"AAGTGTTTGGAGACGG-1",52,80
"AAGTTCACTCCAAGCT-1",57,85
"AAGTTCGGCCAACAGG-1",46,34
"AAGTTTACTAATGGCA-1",5,61
"AATAACAACGCTCGGC-1",36,30
"AATAACACTAGAACAA-1",52,38
"AATAAGTCCTCGAGAC-1",5,71
"AATACAATGTTTCAGG-1",23,19
"AATAGAACAGAGTGGC-1",52,46
"AATAGAATCTGTTTCA-1",48,86
"AATAGTCCGTCCCGAC-1",57,57
"AATATCAAGGTCGGAT-1",8,42
"AATATTGGAGTATTGA-1",36,22
"AATCCAAGGGCCTGAG-1",13,47
"AATCGCCTCAGCGCCA-1",39,79
"AATCGGGACACTACGA-1",8,60
"AATCTGCGTTGGGACG-1",32,92
"AATGACAGCAATGTCT-1",48,30
"AATGACGTAGGATGTC-1",44,78
"AATGACTGTCAGCCGG-1",23,47
"AATGATGATACGCTAT-1",23,93
"AATGCAACCGGGTACC-1",25,59
"AATGGTCCACCGTTCA-1",30,16
"AATGGTTCTCACAAGC-1",19,35
"AATGTGCCCGAGGTGT-1",55,27
"AATTAAAGGTCGGCGT-1",40,50
"AATTAACGGATTTCCA-1",58,66
"AATTAGCGCTGCAGCG-1",51,63
"AATTCATAAGGGATCT-1",23,91
"AATTCTAGAGTTAGGC-1",49,63
"AATTGAACGCTCTGGT-1",45,83
"AATTTGGTTCCAAAGA-1",11,67
"ACAAATCGCACCGAAT-1",50,82
"ACAAATGGTAGTGTTT-1",44,84
"ACAACAGCATGAGCTA-1",32,72
"ACAACGGTCCCTGCGA-1",22,30
"ACAAGCAGTGCCTAGC-1",30,26
"ACAAGGAAATCCGCCC-1",49,75
"ACAAGGACAAGAGGTT-1",29,37
"ACAAGGGCAGGCTCTG-1",44,76
"ACAATAGTCGTACGTT-1",42,20
"ACAATCCATTTAAACC-1",36,32
"ACAATTTGAGCAGTGG-1",28,82
"ACACAAAGACGGGTGG-1",24,56
"ACACACCAGGACCAGT-1",44,90
"ACACACTTTCTACACG-1",14,64
"ACACCCAGCATGCAGC-1",24,50
"ACACCCGAGAAATCCG-1",19,39
"ACACCTTAAGTAGGGC-1",25,43
"ACACGAGACTCCTTCT-1",31,71
"ACACGGCACTATGCAT-1",7,71
"ACACGGGAACTTAGGG-1",27,71
"ACACTGATCAAGGTGT-1",52,48
"ACAGAACTGAGAACAA-1",52,24
"ACAGATTAGGTTAGTG-1",7,57
"ACAGCATAGAGCCAGT-1",10,58
"ACAGCGCACCCGCAGC-1",10,80
"ACAGGTGGAGGTGAGG-1",51,39
"ACATAATAAGGCGGTG-1",21,63
"ACATCCCGGCCATACG-1",55,57
"ACATCGATCGTTTACC-1",42,62
"ACATCGGTCAGCCGCG-1",41,37
"ACATCGTATGCAATGG-1",45,81
"ACATCGTTAACCTAGT-1",9,75
"ACATTAGTTTATATCC-1",51,61
"ACCAACGCTTATTTAT-1",53,49
"ACCAAGAACGCGTGTC-1",17,49
"ACCAATATGCAAGTTA-1",56,78
"ACCACAAGTTTCTATC-1",30,54
"ACCACGTGCAGCTATA-1",48,76
"ACCATATCCGCAATAA-1",38,56
"ACCATCGTATATGGTA-1",42,42
"ACCCAACGCCCGTGGC-1",30,86
"ACCCACCTACATGCTC-1",25,25
"ACCCATCTTGAGGGTA-1",37,37
"ACCCGGAAACTCCCAG-1",57,65
"ACCCGGTTACACTTCC-1",42,48
"ACCCGTGTCATCAGTA-1",58,54
"ACCCTATGCCATATCG-1",56,40
"ACCCTCCCTTGCTATT-1",48,84
"ACCCTTCATCTGCGAA-1",13,65
"ACCGAAAGGGCCCTGC-1",9,53
"ACCGACACATCTCCCA-1",61,67
"ACCGACTGAGTCCCAC-1",28,66
"ACCGATGGTAGCATCG-1",36,92
"ACCGCAATAACTGCCT-1",51,79
"ACCGTTCCCGCTCTGA-1",5,65
"ACCTAAGTACCTTTCA-1",50,30
"ACCTAATCGACTTCCT-1",32,30
"ACGAAATGGGCGGCAC-1",32,24
"ACGAGATATTTGCTTA-1",9,81
"ACGATACATAGAACTA-1",22,80
"ACGATCATACATAGAG-1",25,63
"ACGATGCATATGTTAT-1",37,43
"ACGATGGATCCGATGC-1",10,70
"ACGCATTCGTGAGTAC-1",33,61
"ACGCCAGATGATTTCT-1",17,73
"ACGCCGCTAGACGACC-1",43,71
"ACGCGAAGTCAGACGA-1",49,59
"ACGCGCTACACAGGGT-1",41,31
"ACGCGGGCCAAGGACA-1",34,62
"ACGGAATTTAGCAAAT-1",15,27
"ACGGACTCTCAAAGCG-1",61,75
"ACGGATGGTGCGGATA-1",57,79
"ACGGCACTTGCTTGGG-1",52,60
"ACGGCCAACATGGACT-1",53,55
"ACGGCGACGATGGGAA-1",49,77
"ACGGGAGTGTCGGCCC-1",47,25
"ACGTACAGATTTCTCT-1",10,66
"ACGTAGATTGCTGATG-1",33,67
"ACGTGCGCCTCGTGCA-1",17,63
"ACGTTAATGTCGAAGA-1",41,69
"ACGTTAGATTTGCCCG-1",39,39
"ACGTTCCGCGCTCCGT-1",8,54
"ACGTTTAGTTGTGATC-1",14,68
"ACTACCAGCTCTCTGG-1",25,41
"ACTATTCGTCCGTGGT-1",14,74
"ACTCAATAAAGGCACG-1",25,69
"ACTCAGACCTGCTTCT-1",9,43
"ACTCCCTAATGCTAAA-1",57,69
"ACTCCCTAGAATAGTA-1",48,70
"ACTCGTAACCCGTCCT-1",49,23
"ACTCGTCAGTAATCCC-1",36,78
"ACTCTCTGACTTAGGT-1",42,78
"ACTCTTGTATAGTAAC-1",36,70
"ACTGAATGGCGAAAGT-1",47,83
"ACTGCCGTCGTAACTC-1",16,70
"ACTGTAGCACTTTGGA-1",27,39
"ACTGTATACGCGAGCA-1",10,36
"ACTGTCCAGGATTATA-1",33,55
"ACTGTCTTCTTTAGAA-1",30,64
"ACTTACGCATCCACGC-1",58,78
"ACTTATACTTACCCGG-1",36,90
"ACTTATTAGGATCGGT-1",38,52
"ACTTCAGGCTGATCCC-1",51,81
"ACTTCGCCATACGCAC-1",27,75
"ACTTGACTCCCTCTTT-1",42,72
"ACTTGCCATATTGTAC-1",4,56
"ACTTGGGACCCGGTGG-1",29,49
"ACTTTCCTATAGCTTC-1",28,62
"AGAACGTGGTACATTC-1",27,73
"AGAAGAGCGCCGTTCC-1",38,88
"AGAAGGTTGCCGAATT-1",42,44
"AGAAGGTTGTAGGTCG-1",64,78
"AGAAGTGATTCGTGAT-1",48,28
"AGAATTGTTTGACATA-1",17,23
"AGACATAGATCCTTCC-1",7,47
"AGACCATGGGATACAA-1",22,28
"AGACCCACCGCTGATC-1",49,65
"AGACCCGCCCTCCTCG-1",26,56
"AGACCGGGAAACCCTG-1",41,17
"AGACGACGATGCCGCT-1",53,33
"AGACTAGCCTTCCAGA-1",28,46
"AGAGAACCGTCTAGGA-1",26,88
"AGAGATCTCTAAAGCG-1",40,18
"AGAGCAGTTATGAGAC-1",29,19
"AGAGCGGGCTAATCAT-1",16,64
"AGAGCGTACAAGCTCG-1",24,28
"AGATAACTTCAGGGCC-1",32,44
"AGATACCGGTGTTCAC-1",40,38
"AGATACGACTTCATAT-1",15,35
"AGATACTCAAGATCGA-1",46,82
"AGATCTCAGGTGTGAT-1",29,75
"AGATGACTCGCCCACG-1",21,55
"AGATGCAAGACGTGCA-1",58,24
"AGATTATAGGACGTTT-1",36,54
"AGCAAAGGCCGCTAGT-1",60,72
"AGCACCAGTACTCACG-1",27,65
"AGCACTACCGGCCTGT-1",34,20
"AGCACTACCTCACCAG-1",53,81
"AGCACTTAAGGACGCC-1",31,35
"AGCAGAAGGAGAAAGA-1",64,68
"AGCAGCCAGATGAATA-1",56,58
"AGCATCGTCGATAATT-1",22,52
"AGCCACTCCCGTGCTT-1",23,81
"AGCCCATACATGTAAG-1",42,26
"AGCCCTAAGCGAAGTT-1",15,65
"AGCCGTGGCTAAATGT-1",50,22
"AGCGACAGGAACGGTC-1",51,37
"AGCGACATCCCATTCA-1",17,59
"AGCGACCAACGATATT-1",25,55
"AGCGCATAATGAATCG-1",57,55
"AGCGCGGGTGCCAATG-1",24,92
"AGCGGGAAGGGTCCAT-1",13,37
"AGCGTGGTATTCTACT-1",45,71
"AGCTATTTAATCCAAC-1",16,74
"AGCTCTAGACGTTCCA-1",38,76
"AGCTCTTCCCAGTGCA-1",18,88
"AGCTCTTTACTCAGTT-1",41,45
"AGCTGAAGTAAACCAA-1",20,84
"AGCTGTAACCTCAATC-1",54,28
"AGCTTATAGAGACCTG-1",5,47
"AGCTTGATCTTAACTT-1",41,23
"AGGAAGCTGTCCGCCG-1",61,65
"AGGACAGTCGAATCCC-1",43,85
"AGGACATCGCACGTCG-1",16,38
"AGGACGACCCATTAGA-1",43,45
"AGGATAAAGTCGGGAT-1",53,65
"AGGCAGATGCGTAAAC-1",26,86
"AGGCCACCCGTTATGA-1",28,38
"AGGCCCATTGTACAGG-1",15,55
"AGGCCCTAGAACGCCA-1",45,25
"AGGCTATGGTTAGCTT-1",26,30
"AGGCTTCCCGAAGAAG-1",50,42
"AGGCTTGCTAGACACC-1",24,18
"AGGGACTCTACGCGAC-1",55,53
"AGGGCAGCGGCGTGGT-1",8,74
"AGGGCGAGCAGCTGAT-1",44,20
"AGGGCGTGATCGGCTA-1",17,45
"AGGGCTGCAGTTACAG-1",35,65
"AGGGTGCTCTCGAGGG-1",34,92
"AGGGTTCCCTTTGGTT-1",30,88
"AGGGTTTAGTTCGGGA-1",33,63
"AGGTAACCTCCTATTC-1",13,41
"AGGTACGATATTGCCA-1",12,76
"AGGTAGGTACAAAGCT-1",35,31
"AGGTGTATCGCCATGA-1",37,17
"AGGTTGAGGCACGCTT-1",22,74
"AGGTTTCACACACCTT-1",41,67
"AGTAATGTCTTGCCGC-1",16,60
"AGTACGGGCACCTGGC-1",25,79
"AGTAGGTAACATACAT-1",13,51
"AGTATAATACTAGGCA-1",25,33
"AGTATGCTGGAGACCA-1",58,26
"AGTCAACACCACCATC-1",41,47
"AGTCGACGGTCTCAAG-1",38,90
"AGTCGGCCCAAACGAC-1",25,39
"AGTCGGCTCAACTTTA-1",47,23
"AGTCGTGGGCATTACG-1",51,29
"AGTCTCACAAGACTAC-1",54,30
"AGTCTGGACATCCTTG-1",18,20
"AGTCTTCTCCTCAAAT-1",24,66
"AGTGACCTACTTTACG-1",44,52
"AGTGAGACTTCCAGTA-1",35,87
"AGTGATATGAGTAGTT-1",45,49
"AGTGATTCAAGCAGGA-1",33,87
"AGTGCGTAGCTCGTAA-1",46,42
"AGTGCTTGCACGAATA-1",41,89
"AGTGGCGGCAATTTGA-1",24,94
"AGTGTGGTCTATTGTG-1",21,23
"AGTTAAACACTTGCGA-1",40,44
"AGTTAAGCGGTCCCGG-1",16,80
"AGTTAAGTCAACCGCT-1",51,25
"AGTTACTCTATCGTGG-1",15,89
"AGTTCCTACAGAATTA-1",30,50
"AGTTCCTATTTATGTT-1",43,65
"AGTTTCGCAGGTCGGA-1",12,62
"AGTTTGCACCTGCCTC-1",58,74
"AGTTTGGCCAGACCTA-1",47,31
"ATAAACGGACCCGTAA-1",47,61
"ATAAAGGCTCGGTCGT-1",34,50
"ATAAATATTAGCAGCT-1",38,28
"ATAACGCCGGAGGGTC-1",35,81
"ATAACGGAGTCCAACG-1",25,75
"ATAAGGTGGAGAACAT-1",50,72
"ATAAGTTACCGCGACG-1",46,52
"ATAATAGCTGTTGAAT-1",47,63
"ATAATAGTGTAGGGAC-1",18,30
"ATAATCTTGGAGAACC-1",61,77
"ATACAGGCCCTCCAAT-1",56,72
"ATACCACGGGCAACTT-1",35,29
"ATACCAGCAAATTGCT-1",4,60
"ATACCAGGCTAATAGA-1",9,55
"ATACCTAACCAAGAAA-1",58,64
"ATACGCCGGCGAAACC-1",40,78
"ATACGGGTTTCGATTG-1",22,82
"ATACGTACTTAGCCAC-1",55,77
"ATACTAGCATGACCCT-1",21,61
"ATAGACAACGGGACCT-1",28,92
"ATAGACGAAGAGAAAG-1",33,45
"ATAGAGTACTGGGACA-1",26,48
"ATAGAGTTATCAACTT-1",27,93
"ATAGGCGGCTATAGAA-1",43,33
"ATAGGGATATCCTTGA-1",21,71
"ATAGGTTGGGCAGATG-1",28,64
"ATAGTCTTTGACGTGC-1",7,67
"ATAGTGAAGCGTTCTC-1",41,57
"ATATAAAGCGCTCGTG-1",58,68
"ATATAAATGTAGCTGC-1",54,74
"ATATCTCCCTCGTTAA-1",19,87
"ATATCTTAGGGCCTTC-1",35,61
"ATATTCAGTTAAACCT-1",44,40
"ATATTCCACATAGTGA-1",51,77
"ATATTCCCACAGGTCA-1",11,59
"ATATTGCTGTCAAAGT-1",18,32
"ATATTTAACCCTCAAG-1",31,55
"ATCAAACGAAGGTTTG-1",49,33
"ATCAATCTGGGCTGCA-1",33,65
"ATCACATTAGAATATC-1",20,82
"ATCACGTGCTAATTAA-1",46,36
"ATCACTTCATCCTCGC-1",21,67
"ATCAGACGGCACGCCG-1",44,42
"ATCAGTAGGCAGGGAT-1",23,87
"ATCATCCAATATTTGT-1",39,59
"ATCCAACGCAGTCATA-1",25,37
"ATCCAATGGAGGGTCC-1",43,27
"ATCCAGAGCAACAACC-1",50,52
"ATCCAGGATTCGTGAA-1",40,46
"ATCCTACCTAAGCTCT-1",44,48
"ATCCTGAATCGCTGCG-1",38,26
"ATCCTGCGTGGAATGG-1",45,47
"ATCCTGCTGCAGATAG-1",6,44
"ATCGACCCAATACAGA-1",43,63
"ATCGACTCTTTCCGTT-1",23,61
"ATCGCACGCCGGGAGA-1",25,57
"ATCGGAGACAGACGGC-1",52,76
"ATCTAATATCCTACGG-1",55,67
"ATCTCCCTGCAATCTA-1",16,72
"ATCTGGGCTGTTCTTG-1",61,69
"ATCTGGTTAAGACTGT-1",26,76
"ATCTGTAATTGTACCC-1",15,57
"ATCTTGACCTGCAACG-1",26,44
"ATGAAGCCAAGGAGCC-1",22,46
"ATGACGCCGGCTCTAA-1",16,58
"ATGACGCGTTCTATCC-1",52,30
"ATGAGGAGTGTTAATC-1",25,35
"ATGATCGGGAATAGAC-1",16,54
"ATGATGCAATGGTACA-1",44,50
"ATGCACTACCGCATTG-1",27,45
"ATGCATGATCCAGGAT-1",25,65
"ATGCATTCCGTGATGG-1",4,52
"ATGCCATTTGCGACCA-1",43,91
"ATGCCGGTCTTGCATA-1",31,75
"ATGCCGGTTGATGGGA-1",19,83
"ATGCGACAGTCCCATT-1",35,71
"ATGCTCAGTGTTGCAT-1",21,29
"ATGCTCTGGCGCGGTA-1",60,76
"ATGGAGCAGGCCGTGA-1",36,66
"ATGGATCCGGCGTCCG-1",19,79
"ATGGATTGACCAAACG-1",27,61
"ATGGTCGCGTGGTTTC-1",45,85
"ATGTGAAAGCCTAATG-1",46,22
"ATGTGCATCCGACGCA-1",23,57
"ATGTGGACATCTTGAT-1",47,71
"ATGTGTAGTTTAGTCA-1",5,59
"ATTAAACATGCGGACC-1",43,59
"ATTAATACTACGCGGG-1",22,66
"ATTAATGAACCAGTCG-1",23,79
"ATTAATTCGGTCACTC-1",14,66
"ATTACGCGCTGGCAGG-1",40,30
"ATTACTAGCCTCTTGC-1",18,44
"ATTAGATTGATAGCGG-1",19,49
"ATTAGGCGATGCTTTC-1",37,71
"ATTATACTTTGCTCGT-1",18,78
"ATTATCTCGACAGATC-1",7,61
"ATTATGCCATAGGGAG-1",21,53
"ATTCACTGATGTTGGA-1",56,68
"ATTCAGTAGCAGGGTC-1",27,25
"ATTCATATACTGTCCA-1",46,60
"ATTCCCACATAAACAA-1",26,24
"ATTCCTCCGCCAGTGC-1",23,39
"ATTCGACGCCGGGCCT-1",36,26
"ATTCTCGTCTCTTTAG-1",11,51
"ATTGAAGATCTTAGTG-1",31,49
"ATTGACGTAACTCGGT-1",8,72
"ATTGCTGCTCCTCCAT-1",35,43
"ATTGGGAATATCTTGG-1",12,52
"ATTGTCGCAATACCTT-1",15,85
"ATTTAACTCGTATTAC-1",14,52
"ATTTACAGTTTACTGG-1",30,38
"ATTTCATTATTTCGCG-1",14,78
"ATTTCCGGGTTCTGCG-1",55,35
"ATTTGCGCGAGTAGCT-1",53,31
"ATTTGTCTTGGGAGCT-1",40,84
"ATTTGTTCCAGGGCTC-1",19,71
"CAAACGAGTATCGCAG-1",47,47
"CAAACGGTCGCACTTT-1",30,40
"CAAACTACGATAGAGA-1",12,84
"CAAACTATTGAGCTTC-1",11,75
"CAAAGATTATTGGGCC-1",56,30
"CAAATCTCTCACAAGG-1",44,24
"CAAATGTCCTTCCGTG-1",45,53
"CAAATTGTCAGCAAGC-1",13,67
"CAACGACCCGTTTACA-1",20,50
"CAACGGTTCTTGATAC-1",18,38
"CAACTATATCGAATGC-1",15,79
"CAACTCCTTGATCCCG-1",18,46
"CAACTTGTAGTGGGCA-1",9,41
"CAAGAGGGCGGAGTAC-1",46,74
"CAAGATATTATAACGT-1",45,89
"CAAGCAACGTCGGAGT-1",32,38
"CAAGCACCAAATGCCT-1",18,66
"CAAGCGGCACATAATT-1",54,72
"CAAGGATCGCATGTTC-1",40,68
"CAAGTGAACTTTGGTT-1",6,54
"CAATAAACCTTGGCCC-1",26,74
"CAATATTCTTGACCTA-1",54,40
"CAATCCTGCCGTGGAG-1",14,24
"CAATGCGAGAAGTATC-1",54,82
"CAATGGATCTCTACCA-1",28,86
"CAATGGTCGGCCTGGG-1",6,56
"CAATTAAGGGTGATGA-1",29,65
"CAATTTCGTATAAGGG-1",37,63
"CACAATGAGCTGCTAT-1",42,50
"CACACAGGGATAGATT-1",25,27
"CACACGCGCTGTCTTA-1",33,89
"CACAGCACCCACGGCA-1",31,59
"CACAGCTAGGGAGTGA-1",20,60
"CACATATTAGCAGGAT-1",47,73
"CACATCTCACCGACGA-1",57,75
"CACATGATTCAGCAAC-1",38,64
"CACATTCTTTCGATGG-1",18,90
"CACCATCGGAGGAGAC-1",11,61
"CACCCACACGTCACCC-1",17,43
"CACCCACGAGGCAATT-1",20,86
"CACCCGGTTTGTGACT-1",53,39
"CACCCTAACAAGATCT-1",56,80
"CACCCTTTCCTCGCTC-1",8,40
"CACCGCCAGAAGGTTT-1",27,59
"CACCGCCGACCAGCGA-1",9,67
"CACCGTTAGGGATCAC-1",53,37
"CACCGTTGCGCGATAT-1",47,29
"CACCTAATAGAGTCGT-1",17,25
"CACCTAATCAGTTTAC-1",20,72
"CACCTCGATGGTGGAC-1",18,70
"CACCTTGCGAAACTCG-1",24,84
"CACGAAAGTTAGTCCC-1",33,29
"CACGCACAGCGCAGCT-1",24,72
"CACGCAGCGAGGCTTT-1",31,43
"CACGTCGGCAACCTCT-1",49,37
"CACGTTCGTGCTCTAG-1",37,81
"CACTAAAGTTGCCTAT-1",35,51
"CACTCAAGAGCTATGG-1",39,57
"CACTCAGCTCTTGAGG-1",11,71
"CACTCCTATGTAAGAT-1",56,36
"CACTCCTCTCGGTCGG-1",15,87
"CACTCGAGCTGAACAA-1",48,74
"CACTGTCCAAGTGAGA-1",19,43
"CACTTAATCAGACGGA-1",34,48
"CACTTCGCCACAGGCT-1",21,31
"CAGAACTTAGCCCTCT-1",53,85
"CAGACACCGATCGCTG-1",53,51
"CAGACGAACCTGATAC-1",50,50
"CAGAGACGGTCACCCA-1",51,57
"CAGAGCATGAGCTTGC-1",26,70
"CAGAGGCGATGCATGA-1",54,48
"CAGAGTGATTTAACGT-1",9,69
"CAGATACTAACATAGT-1",26,46
"CAGCAGCCCGTTCCTT-1",28,78
"CAGCCTCCTGCAGAGG-1",23,77
"CAGCGATTCCCTTCAA-1",53,43
"CAGCTCACTGAGACAT-1",33,59
"CAGCTCGACAAGTTAA-1",28,90
"CAGCTCGTGCTTGTGT-1",14,42
"CAGCTGGCGTAACCGT-1",48,22
"CAGCTTAGTAGGTAGC-1",32,28
"CAGGAAGACTTTATAT-1",13,85
"CAGGATATATCGTTGT-1",44,60
"CAGGCCGTTTGGGTGT-1",39,43
"CAGGCGCACGGTGGTC-1",56,28
"CAGGCGCCATGCTAGG-1",49,73
"CAGTAGCCCACGCGGT-1",25,91
"CAGTCTGTATACTGGG-1",42,66
"CAGTGAATAAATGACT-1",25,83
"CAGTGGTTGCACATGA-1",16,22
"CAGTGTCCGCAGAATG-1",15,37
"CAGTTCAAATTGACAC-1",29,51
"CAGTTCCGCGGGTCGA-1",26,26
"CATAAGAAGCTTGGCT-1",58,72
"CATAATGAGCGGGCGA-1",6,46
"CATACAAAGCCGAACC-1",13,35
"CATACCCGTACCCAGT-1",37,31
"CATACGGCGTCTGGGC-1",39,63
"CATACTATGTAATTGT-1",36,48
"CATAGCCGCCCGGGAT-1",26,22
"CATAGCGTTGCCCACC-1",54,42
"CATAGTACATTGAGAG-1",15,77
"CATAGTAGCATAGTAG-1",19,45
"CATAGTCCACAAGAAC-1",45,31
"CATATAGGTACAGTCA-1",43,55
"CATATGTCAGGCTACG-1",48,24
"CATATTATTTGCCCTA-1",9,79
"CATCATCTACCCGGAC-1",11,69
"CATCGCCCGCGGCCAA-1",14,44
"CATCGGACGGGTTAAT-1",42,58
"CATGAACCGACATTTG-1",11,43
"CATGAACCTCTTATCA-1",5,69
"CATGATGCACAATTCT-1",21,69
"CATGCATGGAGACCCT-1",6,70
"CATGCCAACTCGCAAA-1",43,21
"CATGCGTTAGACAGAA-1",15,63
"CATGCTGGCTCCAATT-1",12,60
"CATGGCAGGAAGATCG-1",17,57
"CATGGGTATGCCTTAT-1",56,82
"CATGGGTCGGGTGTGG-1",21,85
"CATGGTAAGTAGCGTT-1",45,73
"CATGGTCTAGATACCG-1",26,66
"CATGTCTCATTTATGG-1",49,85
"CATTACGTCGGCCCGT-1",19,65
"CATTATGCTTGTTGTG-1",26,52
"CATTCACTGACAGCTA-1",5,67
"CATTTAGCGGACCATG-1",25,85
"CATTTCTAGCAGACTA-1",16,26
"CATTTGAGTGGTACGT-1",50,48
"CCAAACAGAACCCTCG-1",22,48
"CCAACGATGCACTGAT-1",31,37
"CCAAGAAAGTGGGCGA-1",52,52
"CCAAGACTTCTGCGAA-1",20,62
"CCAAGCGTAACTCGTA-1",33,71
"CCAAGGAACAGAGAGG-1",14,48
"CCAATAGTGCCGTCGA-1",34,42
"CCAATCGGTAGATCGA-1",14,84
"CCAATGTCACAGCAAG-1",37,49
"CCAATTGAATGTTAAT-1",20,46
"CCACAATGTACGTCTT-1",29,85
"CCACACTGAGATATTA-1",39,49
"CCACCAACTTTACTGT-1",52,40
"CCACCCAAGGAAAGTG-1",37,75
"CCACGAGAAGAGAATC-1",17,75
"CCACGGAGCCATAAGA-1",47,27
"CCACTGGTGGCTGGTT-1",39,21
"CCAGAAAGCAACTCAT-1",52,36
"CCAGAGACAAAGCCGG-1",23,21
"CCAGATAGTTGAGTGA-1",28,84
"CCAGCCTGGACCAATA-1",37,65
"CCAGCTACGCCTCATA-1",9,35
"CCAGCTGATGGTACTT-1",37,21
"CCAGCTTCCGCCCGCA-1",29,17
"CCAGGGACGTGGCCTC-1",27,53
"CCAGTAGTCTGATCCA-1",27,91
"CCAGTCTAGACGGCGC-1",24,86
"CCAGTCTTGTCATAGA-1",59,59
"CCATAAACAACCCGAC-1",14,76
"CCATAGGTTGGCGTGG-1",18,62
"CCATCCATACCAAGTC-1",14,38
"CCATCGCAGTTAAACT-1",50,62
"CCATCTTGTTCACAAT-1",7,41
"CCATGCCTGTTTAGTA-1",35,53
"CCATGCTCTGCAGGAA-1",21,43
"CCATGGCCCTTGTACC-1",32,22
"CCATTAGCGATAATCC-1",32,42
"CCATTCCCTGCCCACA-1",33,39
"CCATTTCTACCTATTA-1",55,71
"CCCAAACATGCTGCTC-1",34,88
"CCCAACATACGTCGCG-1",43,35
"CCCAACCACACTAACA-1",8,66
"CCCAATTTCACAACTT-1",39,33
"CCCAGTTAAGGCGCCG-1",42,82
"CCCGACCATAGTCCGC-1",20,74
"CCCGCAGCGCGAACTA-1",49,67
"CCCGCAGGGCCCAAAG-1",11,79
"CCCGCCATGCTCCCGT-1",19,41
"CCCGCGCAATGCACCC-1",19,23
"CCCGGTGGAAGAACCT-1",25,21
"CCCGTAAGTCTAGGCC-1",40,28
"CCCGTCAGCGTCTGAC-1",23,51
"CCCTATGTAGAGCAGA-1",60,24
"CCCTCATTCTGGAATT-1",16,44
"CCCTGAAATGAGTTGA-1",31,39
"CCCTGCCCAATCCGCT-1",41,19
"CCCTGCGCTACGCATA-1",34,24
"CCCTGGTATGGGCGGC-1",6,72
"CCCTTTGACAGGTCTT-1",50,56
"CCGAACCTTCCCGGCC-1",49,71
"CCGAAGTATATTGTTC-1",22,22
"CCGACAAAGGGAGTGC-1",33,21
"CCGACGGGCATGAGGT-1",54,26
"CCGAGGGATGTTAGGC-1",6,62
"CCGATTCGAGGGACCC-1",38,20
"CCGCACAAAGACCAAC-1",36,76
"CCGCACGTGACCTCGG-1",28,26
"CCGCATGTGGTACGAT-1",56,66
"CCGCCACCACAATCCA-1",4,66
"CCGCCGGTCAACACAC-1",13,55
"CCGCGGAATGCGTCAC-1",51,45
"CCGCGGGTACGAAGAA-1",32,26
"CCGCGTAGGTAAGGGC-1",30,22
"CCGCTATCAGCACCAG-1",45,63
"CCGCTGGTGCCATTCA-1",6,74
"CCGCTTACCTCACTCT-1",47,35
"CCGGAATGGTTTCAGT-1",24,32
"CCGGAGCGTACTTTCT-1",58,56
"CCGGCGCATATTGGAT-1",14,56
"CCGGGACCCGCAGAGA-1",16,52
"CCGGGCGGTCTCGTCA-1",32,76
"CCGGGCTGCTCCATAC-1",36,86
"CCGGGTTCGAGGTTAC-1",38,32
"CCGGTTTGTAATTGTG-1",56,42
"CCGTAAGTTGGTCCCA-1",33,77
"CCGTACCCAAGCGCCA-1",12,34
"CCGTATCTCGTCGTAG-1",53,27
"CCGTGCCCATGACGGC-1",12,48
"CCGTGTTAAATTCCAT-1",48,36
"CCGTTACGTTAGAACA-1",20,88
"CCGTTCCGAATCTCGG-1",40,22
"CCTAAAGGCTGACGCT-1",14,82
"CCTAAATTAACGGTTC-1",42,68
"CCTAACTAAGGCTCTA-1",21,93
"CCTACATTCACAGACG-1",51,33
"CCTACGGCTCAGTCGA-1",16,32
"CCTACTGCTTACACTT-1",27,49
"CCTAGGCGTAGCGATC-1",36,88
"CCTAGTTAGTCGCATG-1",12,72
"CCTATAATGAGTGCCC-1",55,81
"CCTATACCGTCCTGTC-1",55,45
"CCTATCTATATCGGAA-1",19,77
"CCTATGGGTTACCGTC-1",29,69
"CCTCACCAATCTTGAC-1",17,35
"CCTCCCGACAATCCCT-1",9,63
"CCTCCGACAATTCAAG-1",33,33
"CCTCGAAGTGGACGGG-1",15,71
"CCTCGCCAGCAAATTA-1",18,74
"CCTCGCGCTGTGCGAT-1",57,59
"CCTCGGACCGGGATAG-1",41,85
"CCTCTAATCTGCCAAG-1",23,73
"CCTCTATCGATTAGCA-1",52,26
"CCTCTCTCCCATCTAG-1",34,36
"CCTCTGGCCTAGACGG-1",15,75
"CCTCTGTACTATTCTA-1",53,61
"CCTGAACGATATATTC-1",37,85
"CCTGAATATTTACATA-1",23,71
"CCTGACCACCGATGGT-1",45,61
"CCTGCTATTTGAGAAG-1",26,50
"CCTGGCTAGACCCGCC-1",29,43
"CCTGGTCGAATGTGGG-1",59,69
"CCTGTAAGACATGATA-1",37,41
"CCTGTACTCACGCCCA-1",40,24
"CCTGTCACCCGGGCTC-1",29,67
"CCTGTCGCCCGTAAAT-1",36,62
"CCTTCTTGATCCAGTG-1",19,73
"CCTTTCAATGAAGAAA-1",25,95
"CGAAACATAGATGGCA-1",11,77
"CGAAACGCAATTCATG-1",41,33
"CGAACCCGCATGCGTC-1",49,49
"CGAACGCCCAGTGCCG-1",14,70
"CGAAGTTGCTCTGTGT-1",33,35
"CGACAGTTCGCGTTAT-1",36,42
"CGACATGCGATCTTCT-1",8,64
"CGACTCAGGATGTTAT-1",23,89
"CGAGACCCTAGAGTGT-1",43,61
"CGAGAGATGTGAACCT-1",29,73
"CGAGCGTTGATCAGCC-1",12,46
"CGAGCTGGGCTTTAGG-1",17,67
"CGAGGCTAAATATGGC-1",29,71
"CGAGGGACTGCGGTCG-1",38,78
"CGAGTACTAAAGAGGA-1",45,35
"CGAGTGAAGGTACCAG-1",55,29
"CGAGTGCTATAGTTCG-1",10,38
"CGAGTTCTGTCCCACC-1",27,85
"CGAGTTTATCGGACTG-1",37,93
"CGATACCTCGCGGACA-1",40,48
"CGATCCGACCCAGTGC-1",38,50
"CGATCTGTTGGAGGAC-1",46,24
"CGATTAAATATCTCCT-1",56,62
"CGATTCGCCTGGCTGC-1",57,73
"CGCAAACACGAGTTAC-1",27,37
"CGCAATTACTTTCGGT-1",23,33
"CGCAATTAGGGTAATA-1",28,44
"CGCAATTCTACAATAA-1",26,28
"CGCACATGTCCACTAC-1",39,87
"CGCAGAAACATTTGCG-1",8,58
"CGCATGGTGCGATGCT-1",40,66
"CGCATTAGCTAATAGG-1",27,57
"CGCCAAGAAGCCGAGT-1",39,17
"CGCCATCCGATTATGA-1",24,80
"CGCCCGCTTCCGTACA-1",18,80
"CGCCCTTGAAGGCTGA-1",24,20
"CGCCGCCCATGCCTGT-1",39,83
"CGCCTCCCTCCTCTAT-1",43,73
"CGCCTGGCCTACGTAA-1",41,27
"CGCGCAAATGTCCAGA-1",56,24
"CGCGCATGTTTGATTG-1",50,54
"CGCGCCCGACTTAATA-1",21,75
"CGCGGGAATTAGGCAG-1",28,80
"CGCGTTCATGAAATAC-1",27,51
"CGCTACGGGACATTTA-1",38,48
"CGCTATACCGCCCACT-1",14,36
"CGCTATTCAATGTATG-1",19,31
"CGCTATTCTTAGGCTC-1",38,60
"CGCTCGACATAATGAT-1",21,45
"CGCTCTCCGTAGATTA-1",33,37
"CGCTGTGACGCCGCAC-1",25,47
"CGCTTATTCCCGGTCG-1",42,30
"CGCTTCCACTGAAATC-1",18,42
"CGCTTTCATACCGGTG-1",14,50
"CGCTTTCTTGCATTCG-1",31,85
"CGGAACGTAAACATAG-1",47,45
"CGGAGCAATTTAATCG-1",54,60
"CGGAGCATGGCGATCC-1",39,67
"CGGAGTTTGAGAGACA-1",30,34
"CGGCAAACATCGTGCG-1",52,66
"CGGCACTCAAGAAAGT-1",12,28
"CGGCAGGGTCGGGTTG-1",32,94
"CGGCCACGCACAAAGT-1",35,59
"CGGCTGCAAGATTAAG-1",4,68
"CGGCTTTGTATGATAA-1",8,56
"CGGGAATTTATGTAAA-1",45,65
"CGGGATCAATGTAAGA-1",23,59
"CGGGCAGCTAAACCGC-1",32,56
"CGGGCCTTCTTTGTAA-1",41,55
"CGGGTGTACCCATTTA-1",32,86
"CGGTACTAGAATCAAA-1",43,83
"CGGTAGAGGTGCAGGT-1",22,92
"CGGTCAAGTGGGAACC-1",26,80
"CGGTCTATCAACCCGT-1",18,82
"CGGTGAAGACTAAAGT-1",35,23
"CGGTGCAGATAGAACG-1",42,36
"CGGTGCGCGTTGGTCC-1",49,39
"CGGTGTACTTGATCCC-1",17,31
"CGGTTGACCTGGCATA-1",39,25
"CGTACCTGATAGGCCT-1",22,68
"CGTAGCGAATTGTCAG-1",13,71
"CGTAGCGCCGACGTTG-1",7,53
"CGTATTAAGAGATCTA-1",32,54
"CGTCACGTCCATTGGT-1",47,51
"CGTCAGTGCGCACAAG-1",11,49
"CGTCATACCATATCCA-1",20,20
"CGTCGTCCTTCGCGAA-1",56,76
"CGTCTGGAAGGGCCCG-1",16,62
"CGTGAAGTTAATTCAC-1",40,56
"CGTGACATTGGGTCGT-1",15,83
"CGTGCAGACTGGGACA-1",40,74
"CGTGCATTGTCGACGC-1",39,31
"CGTGCCCTCCCGAAGA-1",43,77
"CGTGTCCCATTCGCGA-1",28,40
"CGTTGAATACCGCGCT-1",57,77
"CGTTGAGCGACCGTCG-1",44,74
"CGTTGTTTCAATTCCC-1",34,40
"CGTTTAAGCGGAGCAC-1",13,59
"CGTTTCGCTCATTACA-1",35,49
"CGTTTGTGTAGAGGGT-1",55,41
"CTAAAGAATGCCTACT-1",36,36
"CTAAAGGGAAATAGGA-1",44,62
"CTAAATCCTATTCCGG-1",26,84
"CTAACCGCGCGCCCGT-1",37,35
"CTAACGAAACTTGCTG-1",30,94
"CTAACTGGTCCGGTTC-1",50,36
"CTAAGGGAATGATTGG-1",44,72
"CTAATTCGCACGCGCT-1",28,34
"CTACCCTAAGGTCATA-1",31,91
"CTACGACTAGCTATAA-1",38,24
"CTACGCACGGAGTACC-1",35,57
"CTACGCCATTTCCGAT-1",12,80
"CTACTATCATAGGTTT-1",53,25
"CTACTATCTTTCAGAG-1",29,93
"CTACTCTAGGCCCGGC-1",31,25
"CTACTGCCACCTGACC-1",27,63
"CTAGATTTACGACGGC-1",42,74
"CTAGCATAGTATAATG-1",34,66
"CTAGGTTCGGACGTGA-1",58,70
"CTAGTATTCGGAATTA-1",14,80
"CTAGTCACGTCTTAAG-1",37,69
"CTAGTGAAGGACAGGA-1",34,38
"CTAGTTACAACCCGGT-1",53,67
"CTAGTTGGGCCCGGTA-1",26,68
"CTATCGGGTCTCAACA-1",35,69
"CTATGTCACTAGCCCA-1",30,66
"CTATGTCTATTGAAAC-1",11,55
"CTATTCATGTGTCCCA-1",52,62
"CTATTTGGTTACGGAT-1",36,82
"CTCACATTTACTAAAT-1",62,68
"CTCACTTGGCTGGTAA-1",40,26
"CTCATGGCTCACAATC-1",13,63
"CTCATGGTAATTTGCG-1",50,26
"CTCATTGCTCTAACAA-1",60,78
"CTCATTTGATGGGCGG-1",22,62
"CTCCCTCCTTTCGATC-1",51,23
"CTCCGCCCACATGAGG-1",43,39
"CTCCGGCCTAATATGC-1",19,59
"CTCCTAAGTTATGTCT-1",12,30
"CTCGAGGTCGAACAGT-1",29,59
"CTCGCACCTATATAGT-1",24,68
"CTCGCCGAATGTAGGG-1",60,64
"CTCGGTACCACTGCTC-1",41,81
"CTCGGTCCGTAGCCTG-1",18,50
"CTCGGTTGTCGGCCCT-1",56,26
"CTCTATTTGGCTGCAG-1",48,68
"CTCTCACAATCGATGA-1",32,70
"CTCTCGATGTGCGCCT-1",4,62
"CTCTGCGAAGCAAGCA-1",12,50
"CTCTGGACGCCTGGTG-1",32,62
"CTCTGTTTGAGGATTC-1",14,72
"CTCTTGTCCCGCTTGG-1",54,58
"CTGAAAGAGATCCGAC-1",19,69
"CTGAATCCGAGACCTC-1",47,53
"CTGAGCAAGTAACAAG-1",15,25
"CTGATAGTGTATCTCA-1",32,16
"CTGCACAACTACATAT-1",50,76
"CTGCACCTGGAACCGC-1",15,49
"CTGCACTCCAGTACAG-1",54,70
"CTGCCAAGGTTGGAAG-1",21,77
"CTGCCATGCATCACAT-1",40,62
"CTGCGGGTGAAATGTT-1",31,23
"CTGCTGAGGCCACGAA-1",49,35
"CTGCTTGGCGATAGCT-1",53,75
"CTGGAAATGGATGCTT-1",29,53
"CTGGATTTACACTTGA-1",49,55
"CTGGCATCCGAATGAG-1",48,26
"CTGGCGACATAAGTCC-1",17,81
"CTGGCGCACAGGTCTG-1",37,89
"CTGGCGGGAATAAGTA-1",20,22
"CTGGCTGGTTGTCAGT-1",54,56
"CTGGGATAAATAATGG-1",38,84
"CTGGGCCTGCTATATC-1",44,30
"CTGGGTAGGCAGTTAA-1",43,79
"CTGGTAACACATAGAA-1",42,88
"CTGGTCCTAACTTGGC-1",7,65
"CTGGTTCAACGCATCA-1",8,38
"CTGGTTTCGAGCAAGA-1",46,88
"CTGTACTTCTTAGCAT-1",39,51
"CTGTAGCCATCTCACT-1",56,46
"CTGTATGGTGTAGAAA-1",20,32
"CTGTCAAATGGCTCGG-1",23,83
"CTGTGCAGGGTAGGTC-1",42,70
"CTGTTACCCAATCTAG-1",48,58
"CTGTTCACTGCCTGTG-1",22,56
"CTGTTCATCTCACGGG-1",22,34
"CTTAACTTCGAAGTAC-1",11,63
"CTTACACGGTATTCCA-1",31,45
"CTTACACTGGGAAATA-1",16,48
"CTTAGCCTTCCACATG-1",22,78
"CTTAGTGTAGTAGCAT-1",61,83
"CTTATGTTGACTACCA-1",13,27
"CTTCATAGCTCAAGAA-1",19,37
"CTTCATTGTCAGTGGA-1",36,60
"CTTCCGCTCCGTGAAG-1",56,50
"CTTCGTAGATAGGTGA-1",39,45
"CTTCTATGTTGAAGTA-1",46,28
"CTTCTATTAATGCTAG-1",51,47
"CTTCTTACGTCGTATA-1",14,60
"CTTGACCCGAAAGATA-1",9,57
"CTTGAGTTAGGGTAAT-1",39,93
"CTTGCAACCGCCTCCT-1",43,25
"CTTGCCCAGGCTCTAC-1",45,55
"CTTGTACTTGTTGACT-1",21,51
"CTTGTCAACATTCGAG-1",50,66
"CTTGTGAGTCTTTGAC-1",10,34
"CTTGTGCTCACCGATT-1",22,94
"CTTGTTGCTGAGTCAA-1",38,80
"CTTTAACTTTCAAAGG-1",23,67
"CTTTAATATTGGTCGA-1",51,73
"CTTTACCGAATAGTAG-1",50,84
"CTTTAGGAACACTGTT-1",41,87
"CTTTAGTGCTATTATT-1",44,64
"CTTTCTGTGCGGGCTT-1",54,66
"CTTTGGCGCTTTATAC-1",32,18
"CTTTGGCTTTAGTAAA-1",32,40
"GAAACAGATGACCACC-1",40,92
"GAAACAGCCATGCAGT-1",13,61
"GAAACCGAATTACCTT-1",45,51
"GAAACTCGTGCGATGC-1",28,24
"GAAACTCTAATGAAGG-1",13,73
"GAAAGCAGTGCACTTT-1",56,54
"GAAAGCCCTTTGGACC-1",35,21
"GAAAGTGACTAACTGC-1",25,31
"GAAATACTAAACGTTT-1",18,22
"GAAATATCACCATCAG-1",33,23
"GAAATCGCGCGCAACT-1",18,68
"GAAATGGCGGTGTTAG-1",30,52
"GAAATTCACATCGCTG-1",13,49
"GAAATTGTCTCTATAA-1",43,53
"GAACACACATCAACCA-1",22,50
"GAACAGATTACTAAAT-1",57,71
"GAACCATCTGGGAGAC-1",4,54
"GAACCCTCTGTGTTCT-1",59,67
"GAACCTTTAACGATCC-1",63,79
"GAACGACCGAATGATA-1",19,63
"GAACGTCTCATGGTCG-1",31,87
"GAACGTTAGGAAGACG-1",33,15
"GAAGAACGGTGCAGGT-1",14,40
"GAAGCGTGAGGAATTT-1",34,60
"GAAGCTTGCTGACCGC-1",29,35
"GAAGTCAGTTGCACTA-1",52,58
"GAAGTCTCCCTAGCGA-1",37,91
"GAAGTGATTTATCGTG-1",39,47
"GAAGTGCTGGATAGCT-1",15,61
"GAAGTTTCCACTCAAT-1",36,46
"GAATAGACGCGACCCA-1",42,92
"GAATATTCGGAGTCCC-1",13,83
"GAATCGACATGGTCAC-1",26,42
"GAATCGCCGGACACGG-1",11,41
"GAATCTGAACATTCTC-1",42,64
"GAATGCCGAAATGACC-1",21,17
"GAATGCGAATCGGTTC-1",63,69
"GAATGTGGTCCGGATT-1",43,81
"GAATGTTGGGTAATCT-1",23,69
"GAATTATAGTGAAAGG-1",34,68
"GAATTCACCCGGGTGT-1",47,55
"GAATTTCTCGCTGCAG-1",28,30
"GACAACGACCATTGAA-1",25,77
"GACAACGCAGCTTACG-1",20,54
"GACACAAGGGAAGAAA-1",30,72
"GACACGAGTTAGAGGA-1",19,25
"GACACTGAGTTCAGTG-1",44,46
"GACAGCCAGACCTGAC-1",42,86
"GACAGGCACACACTAT-1",38,22
"GACATCGATTTATAAC-1",52,50
"GACCAGAGCCCTGTAG-1",31,47
"GACCCGTCGCCGGCTA-1",9,59
"GACCGACTGAAGCGTC-1",34,22
"GACCGTCAGGTCGTGA-1",13,81
"GACCGTGCTGACGGTG-1",40,52
"GACGACGATCCGCGTT-1",52,70
"GACGCCGTAAAGGCTA-1",54,54
"GACGCCTGTTGCAGGG-1",11,31
"GACGCTTGCTTCTAAA-1",38,36
"GACGGACCGCGTTCCT-1",4,58
"GACGTGTAGGGATTAT-1",28,32
"GACTAAGATCATGCAC-1",23,53
"GACTAAGTAGGCTCAC-1",27,43
"GACTACAAAGCGGTGG-1",49,21
"GACTCGCGGGAATGAC-1",28,96
"GACTGCAAATCGAGCT-1",59,75
"GACTGCACCAGCCCAG-1",46,80
"GAGACTGATGGGTAGA-1",28,56
"GAGACTTCGCGACCGA-1",53,57
"GAGAGGGCGCGAGGTT-1",38,40
"GAGAGGTGCATTCTGG-1",44,28
"GAGATCTGCTTGGCAT-1",34,44
"GAGATCTGTCACTCCG-1",30,74
"GAGATCTTCCATGACA-1",45,77
"GAGATGGGAGTCGACA-1",52,72
"GAGCACCTGTGTCCAG-1",58,80
"GAGCATCATCCCTGGG-1",12,40
"GAGCCACGGTAGTAGG-1",9,47
"GAGCGAGGGAGTACCG-1",14,58
"GAGCTAAGGGCATATC-1",29,83
"GAGCTCTCGGACCTAA-1",15,33
"GAGGAATGGAGAGGTT-1",27,31
"GAGGCTATCAAAGTCG-1",35,27
"GAGGGCGCAGCTCTGC-1",27,89
"GAGGTACATCCATCTT-1",12,68
"GAGTACGGGTATACAA-1",15,43
"GAGTATGCCCGCCTTG-1",49,43
"GAGTATGCGCGTGCAT-1",63,71
"GAGTCAGACCAGAATC-1",56,48
"GAGTCCGCTTACCGGA-1",46,58
"GAGTGTGCGGTACCCA-1",44,88
"GATAAATCGGTGGATG-1",15,41
"GATAACTCGCACTGTG-1",39,89
"GATACGATGGGAGTCA-1",45,45
"GATAGGTAACGTTGAC-1",48,60
"GATATCTCATGCAATA-1",12,58
"GATATGAGACACTAAC-1",39,81
"GATATGCGGTAGCCAA-1",19,91
"GATATGGATTACGCGG-1",28,18
"GATATTTCCTACATGG-1",17,89
"GATCATTCCAAACATT-1",30,56
"GATCCCTTTATACTGC-1",28,60
"GATCCGGGAATTAACA-1",39,73
"GATCCTAAATCGGGAC-1",27,95
"GATCCTCGACACTGGC-1",50,32
"GATCGACACTATCTGA-1",27,47
"GATCGCGGGCTCTCCA-1",36,52
"GATCGGTGGCCATAAC-1",28,68
"GATCGTGACTGATATC-1",38,72
"GATCTTGGAGGGCATA-1",44,70
"GATCTTTGCAGGGTAT-1",36,38
"GATGCCAGCAGAAGGC-1",23,17
"GATGCGTCCTGCATTC-1",37,57
"GATGCTACAAGCGCCT-1",17,51
"GATGCTGTATTTCATC-1",43,75
"GATGGCGCACACATTA-1",19,29
"GATGGTGCCCTAGGCA-1",10,78
"GATGTCGGTCAACTGC-1",9,73
"GATGTTCAATCCACGA-1",41,43
"GATGTTTGTGCGAGAT-1",20,30
"GATTACTGAATTTGGG-1",41,39
"GATTCCCTTGTCGCAG-1",25,67
"GATTCCGCGTTTCCGT-1",16,76
"GATTCCTATACGGCGC-1",25,23
"GATTCGACGGTTCACG-1",41,71
"GATTGACACTCTGCTC-1",5,63
"GCAAACCCTACATTAT-1",48,82
"GCAAACCTTGGCCATA-1",57,67
"GCAAATATTACGCTTT-1",35,41
"GCAACCACGGCCGCGT-1",43,29
"GCAAGAATTCCTTGGC-1",44,36
"GCAAGTGCACAGAGAA-1",24,42
"GCACAAGTGTCGGAAG-1",10,64
"GCACGCCTACTTAGAT-1",55,39
"GCACTAGTCGCGCTAT-1",13,43
"GCAGATCCATAAGACT-1",51,85
"GCAGATTAGGGATATC-1",37,61
"GCAGCACACAGCCCAG-1",38,42
"GCAGGACTATAGAATA-1",35,37
"GCATAGAGCACTCAGG-1",37,59
"GCATCCCTAACTTTGA-1",16,42
"GCATGAGGGACGCGGC-1",30,90
"GCATTGTAATTCATAT-1",41,21
"GCCACAATTTAAGGAC-1",45,39
"GCCAGGAGTAACCGAT-1",21,89
"GCCATATTGCACACAG-1",22,90
"GCCATCGAGCTGCGTG-1",53,47
"GCCCACCAAGGCTGTC-1",12,38
"GCCCAGTTGGTATGCC-1",22,38
"GCCCGACTTCTTCCCG-1",49,25
"GCCCGATCTGTGGTCG-1",53,63
"GCCCGCGCGTAAACGG-1",49,41
"GCCCGCGCGTTTGACA-1",20,40
"GCCCGTAATACCTTCT-1",27,79
"GCCGAAATTCCTACGT-1",35,45
"GCCGATTGGCCAAGCT-1",41,61
"GCCGCATTAGTCCGGC-1",35,17
"GCCGCTTGTGAGAAAC-1",36,40
"GCCGGGTTAGGGTCGC-1",41,59
"GCCTAGCGATCTGACC-1",20,42
"GCCTATAGTGTCAGGG-1",29,91
"GCCTATTCCGATATAG-1",24,30
"GCCTATTTGCTACACA-1",8,50
"GCCTCTATACATAGCA-1",55,75
"GCCTTCAGCCCTACCG-1",16,50
"GCGAAACTTAACTGGA-1",44,82
"GCGAAGCCATACCCGT-1",31,61
"GCGACGATAGTTGTAC-1",48,54
"GCGAGGCCCGAGCAGA-1",37,47
"GCGAGTTCTGCAAAGA-1",35,63
"GCGATTCTGGAAGCAG-1",10,74
"GCGATTGTTAACGTTA-1",37,77
"GCGCATCCAGTCAGCA-1",29,95
"GCGCCGTTCCACGATA-1",41,65
"GCGCGTCATTGGTACA-1",57,83
"GCGCTAATTGAATAGA-1",34,70
"GCGCTATGCCGAGGCA-1",43,47
"GCGCTGATCCAGACTC-1",17,87
"GCGCTGCTTTGCATTT-1",28,94
"GCGGACCGCGTTGTGG-1",51,43
"GCGGAGAAACTTCGCA-1",55,33
"GCGGAGAGGGAGAACG-1",46,78
"GCGGCAAAGTATTGCC-1",59,27
"GCGGCTCTGACGTACC-1",38,38
"GCGGGAACCAGGCCCT-1",18,48
"GCGGGCGAGCCTTACC-1",55,51
"GCGGTCCCTAGACGCA-1",13,45
"GCGGTTCCCTATCATG-1",47,49
"GCGTCGAAATGTCGGT-1",17,65
"GCGTCGCCAGGGTGAT-1",54,62
"GCGTCTCTGCATTGGG-1",39,41
"GCTAAACCTGAGGTGA-1",23,23
"GCTAAGTAGTTTCTCT-1",34,80
"GCTAATACCGAATGCC-1",21,47
"GCTACGACTTATTGGG-1",43,69
"GCTAGCTTGAATAGCT-1",52,44
"GCTAGGCACCACGGAG-1",54,84
"GCTAGTAGAGCTTGTA-1",39,65
"GCTAGTTTCATTGAGG-1",17,37
"GCTATCATACTCATGG-1",54,78
"GCTATCGCGGCGCAAC-1",20,24
"GCTCAATCCGTTTATT-1",53,35
"GCTCCTGACATACTGG-1",56,32
"GCTCGGAATTTAAAGC-1",22,84
"GCTCTAAACCCTGACG-1",24,58
"GCTCTATGTTACGTGC-1",26,40
"GCTCTCGGGTACCGAA-1",26,58
"GCTGAGGCGTGAGTAT-1",40,64
"GCTGCACGGTTTCTTA-1",41,73
"GCTGCTAAGTAGTCGA-1",56,56
"GCTGCTACTGCGTAGC-1",51,75
"GCTGCTCTCCGGACAC-1",31,63
"GCTGGCATATTCACCT-1",31,31
"GCTGGCGGCGCATGCT-1",54,64
"GCTGTATTACTGGCCC-1",46,38
"GCTTAATGTAACTAAC-1",42,84
"GCTTATGAAGCAGGAA-1",35,89
"GCTTCCGTCCCTAGAC-1",29,77
"GCTTGATGATAATCAG-1",22,36
"GCTTTCAGAGGAGGTG-1",33,95
"GGAAAGTGCCCATGCC-1",20,90
"GGAACCGTGTAAATTG-1",49,47
"GGAACGGCCTGCAGCC-1",25,15
"GGAAGCTCGCTTACAG-1",11,83
"GGAATAACCTCAAGAA-1",6,60
"GGAATGCGCTAGCGTG-1",32,82
"GGACCAACAGGATAAC-1",51,67
"GGAGAAGTCATTGGCA-1",23,41
"GGAGACGACACCTTTG-1",43,67
"GGAGCACCAAGAACTA-1",26,82
"GGAGGATTGAAAGGAG-1",7,73
"GGAGGGCTTGGTTGGC-1",32,78
"GGAGTGCCGCCCTGGA-1",19,53
"GGATACTCATGAATTG-1",9,45
"GGATCAAAGGACGAGG-1",6,52
"GGATCCGGAATATACT-1",34,82
"GGATGACGCGAGTTTA-1",37,45
"GGATGCTGGCGTTCCT-1",39,19
"GGATGTCCTTACCGCA-1",35,91
"GGATTCAGTACGGTGG-1",19,33
"GGATTCCGCTATACCC-1",19,81
"GGATTGCTGTGACTCC-1",60,84
"GGATTTCACTTCTATA-1",31,83
"GGCAAAGGCGCCAATA-1",54,34
"GGCAAATTACTTTACT-1",41,53
"GGCAAGGCGAAATAGC-1",45,69
"GGCAATAGTCAATGAG-1",30,70
"GGCACTCCACTGGGCA-1",34,46
"GGCATACAGGTAGCGG-1",34,32
"GGCATATCGGTTCTGC-1",17,83
"GGCATCAACGAGCACG-1",5,51
"GGCCCTCACCCACTTA-1",37,23
"GGCGAAATCTAACTTG-1",43,87
"GGCGCAGGACATCTTC-1",37,27
"GGCGCATGAATTGATG-1",42,54
"GGCGCGTTCGAGTTTA-1",47,59
"GGCGGAGTAATATTAG-1",32,46
"GGCGGTAGGATCATTG-1",31,69
"GGCGTCCTATCCGCTG-1",31,33
"GGCTATTAAGTTGTAT-1",33,41
"GGCTCGCGTTGAGGTA-1",31,93
"GGCTCGTGCCACCAGC-1",20,38
"GGCTCTGCTCCAACGC-1",26,72
"GGCTGAAATAGCAAAG-1",49,79
"GGCTGGCTAGCTTAAA-1",11,29
"GGCTTTCAATAAGGGT-1",60,62
"GGGAACGGGAGGTTAG-1",39,37
"GGGACCCGTATATCTT-1",57,53
"GGGACTGCATAGATAG-1",32,60
"GGGAGAACTCACAGTA-1",32,64
"GGGAGGATGCCCGAAA-1",37,51
"GGGAGTAATGGCTGGC-1",10,42
"GGGAGTTAATGAGGCG-1",33,75
"GGGATGGTCGTAACCG-1",47,43
"GGGATTTACCGCACCT-1",42,90
"GGGCAGAGCAATCGTT-1",58,60
"GGGCCCGTCTTAAACA-1",42,52
"GGGCCCTACGAAAGGG-1",38,16
"GGGCCGGCCGAAGTAC-1",36,84
"GGGCGATATGTGTGAA-1",28,58
"GGGCGGCAAATGAATT-1",49,45
"GGGCGGGTTCCCTACG-1",43,37
"GGGCGGTCCTATTGTC-1",14,28
"GGGCGTACATTTATAT-1",24,54
"GGGCGTCACCACGTAA-1",48,50
"GGGCGTCCACTGGCTC-1",16,84
"GGGCGTGGTTTCCCAG-1",61,81
"GGGCTATGATCGATGG-1",57,51
"GGGCTCATCGAACCCA-1",25,89
"GGGCTGCCTAGGGCGA-1",33,69
"GGGCTGGTTAGTCGCG-1",31,51
"GGGTACCCACGGTCCT-1",14,26
"GGGTACTTCATGAACT-1",37,39
"GGGTATGTATGCACTT-1",28,28
"GGGTCACCGTGACGGT-1",35,47
"GGGTGACACCTTAACT-1",46,56
"GGGTGGTCCAGCCTGT-1",7,69
"GGGTGTTTCAGCTATG-1",16,68
"GGGTTAACATTTGAGT-1",54,50
"GGGTTCAGACGAACAA-1",19,19
"GGTAAATGTGCGTTAC-1",11,81
"GGTAACCGGGAGGATA-1",57,27
"GGTAACTATGTATCTG-1",12,44
"GGTACAAACATGCTAT-1",40,54
"GGTACATCTGGGACGA-1",38,18
"GGTAGAAGACCGCCTG-1",53,71
"GGTAGACCGTTGGGCG-1",53,53
"GGTAGTGCTCGCACCA-1",34,72
"GGTATTGCCGAGTTTA-1",33,53
"GGTCAGTGGGTCCCAC-1",48,62
"GGTCGGCCAGGAGCTT-1",32,84
"GGTCGGTAATTAGACA-1",12,36
"GGTCGGTCGTCCACAG-1",56,52
"GGTCTCTGAATGGACT-1",52,34
"GGTGAAACCGGGAATG-1",6,48
"GGTGAAGTACAGGGAT-1",47,37
"GGTGAGATGCAGATAA-1",16,36
"GGTGATAAGGAGCAGT-1",37,79
"GGTGATTTCATCTTGT-1",9,39
"GGTGCGGATAAGTGGC-1",16,46
"GGTGCTGATCACAAAG-1",27,21
"GGTGCTGGTACACATT-1",42,46
"GGTGGACTGCTCTGGC-1",55,85
"GGTTACCACCCTCGGG-1",45,33
"GGTTAGCTATATGTCT-1",47,87
"GGTTAGGCTTGGAGAA-1",28,36
"GGTTAGTTACGGCGCC-1",27,23
"GGTTTACAATCTCAAT-1",25,73
"GGTTTCAATCGGTCAG-1",33,91
"GGTTTGAGTGCTGGAA-1",12,42
"GTAACTTGCGGCAGTC-1",10,40
"GTAAGCGGGCAGTCAG-1",23,63
"GTAAGGATTTGTCGGA-1",10,68
"GTAAGTAACAGTCTGG-1",40,82
"GTAAGTAGGGTATACC-1",26,36
"GTAATCTGATTCTTCG-1",50,44
"GTACACTTACCTGAAG-1",36,64
"GTACAGAGGCAAGGGT-1",37,83
"GTACGAGATTGCGACA-1",21,57
"GTACGCTTCATTGCAC-1",46,72
"GTACGTTTGCCCGTCA-1",44,68
"GTACTAAGATTTGGAG-1",27,55
"GTACTCCCTTATCGCT-1",36,28
"GTACTGAGGTCGTAAC-1",11,47
"GTACTGCATGAAGCGT-1",11,39
"GTACTGGAGTTAGACC-1",33,81
"GTACTTGGGCACTTCT-1",17,33
"GTAGAAACGGGTGGAG-1",24,16
"GTAGACAACCGATGAA-1",7,55
"GTAGACACGCCTGACT-1",63,67
"GTAGACGTCGTTACAT-1",13,39
"GTAGAGGGAGACAAGT-1",51,31
"GTAGCCAAACATGGGA-1",50,70
"GTAGCGCTGTTGTAGT-1",6,50
"GTAGCGGCTATACACT-1",39,69
"GTAGCTTCCTCTTGTT-1",31,89
"GTAGGTGATCCGTGTA-1",17,79
"GTAGTCGCGGGAATCA-1",49,81
"GTAGTCTACGATATTG-1",63,77
"GTATAGGACTCAGTAG-1",20,58
"GTATCAGCTTGGGTTC-1",20,34
"GTATCTTTCATAACCA-1",46,66
"GTATGAAATTTCACTC-1",52,22
"GTATGTGGGTCTAGTT-1",38,92
"GTATTCTGAGAAACGA-1",48,38
"GTCAAAGTTTACATAG-1",13,29
"GTCAAGCGGACTCGGG-1",39,77
"GTCACAAAGTTTCCAA-1",9,61
"GTCACTCTCCAAATCT-1",23,31
"GTCAGAATAGTCTATG-1",30,32
"GTCAGTTGTGCTCGTT-1",9,71
"GTCATGCACCTCCGTT-1",29,61
"GTCATGGACATGACTA-1",26,62
"GTCATTAGAGCGAACG-1",37,67
"GTCATTGCATTGACCC-1",31,17
"GTCCCAACGTAAAGTA-1",33,73
"GTCCCGCGACGTTATG-1",58,82
"GTCCGGCTGAATTGCG-1",28,52
"GTCCTTCTAGTGGGTT-1",10,82
"GTCGCCGTTGTGTGTT-1",57,43
"GTCGCGTAACCCGTTG-1",39,75
"GTCGGATATCTCAGAC-1",32,36
"GTCGGATGTAGCGCGC-1",17,77
"GTCGGGAAGCAGAAAC-1",59,65
"GTCGTACCATCTCGGG-1",46,62
"GTCGTCAATTATAAGG-1",11,45
"GTCGTTATTCGCTTAT-1",46,76
"GTCTATCTGAGTTTCT-1",40,42
"GTCTCAAGGCCCGGCT-1",60,66
"GTCTCGATCTGCTTTC-1",20,80
"GTCTGGGCGGTCGAGA-1",46,44
"GTCTTAGTACAGCCGG-1",12,78
"GTGAAACGGCGCCACC-1",24,88
"GTGAAACGTGCTCCAC-1",11,37
"GTGACCGCACACTACG-1",39,91
"GTGACTTCAGTAGTGC-1",46,50
"GTGAGCGTGCTGCACT-1",33,25
"GTGAGGACACTTAAGG-1",41,77
"GTGAGTGGTACAACGC-1",52,56
"GTGATCATAGATCTGC-1",45,57
"GTGATTCGCCGCTCAA-1",48,40
"GTGCAACAAATGTGGC-1",14,62
"GTGCACGAAAGTGACT-1",17,71
"GTGCCATCACACGGTG-1",42,34
"GTGCCCGTTCGGATTC-1",39,85
"GTGCCGCTTCAAAGGT-1",44,44
"GTGCGAAATCGAACAC-1",45,43
"GTGCGGGTCTCCAAAT-1",20,56
"GTGCGTGTATATGAGC-1",41,83
"GTGCTCAAGTACTGTC-1",34,52
"GTGGAACCTACATGCG-1",15,81
"GTGGACCAACCCGATT-1",45,29
"GTGGACGCATTTGTCC-1",56,64
"GTGGACGTGCTGAGAC-1",17,39
"GTGGAGTCGGCGGTTG-1",54,38
"GTGGCGGTCCCAGCGT-1",40,20
"GTGGGCTTAGACACAC-1",29,39
"GTGGTGGCCAAGTGAA-1",45,79
"GTGGTTTCCGCCTTTC-1",42,32
"GTGTACCTTGGCTACG-1",26,78
"GTGTCGTATAGCGTTC-1",54,76
"GTGTGAATAACTTAGG-1",33,83
"GTGTTACTATGCGTCC-1",41,75
"GTTAAAGTAGGACTGG-1",49,83
"GTTAACATCACTTAAA-1",55,73
"GTTAAGGGTGCGATGT-1",61,71
"GTTACAATTGGTGACG-1",37,33
"GTTACCTACAACTTGC-1",47,67
"GTTACTTTGGGCCTAG-1",43,51
"GTTAGAGTGTGCCGCT-1",7,75
"GTTATATTATCTCCCT-1",48,56
"GTTATCACCTTCTGAA-1",6,58
"GTTATTAACGTGGGAG-1",22,18
"GTTCACAGGAGTCTAG-1",32,34
"GTTCCAGTCTGACCAT-1",17,53
"GTTCGCCATAAGTGCC-1",37,53
"GTTCTTCCCTCGATGT-1",15,51
"GTTGAACCGGTTCCAT-1",42,40
"GTTGAGTCCCGCCGGT-1",52,78
"GTTGCACGGAGTTTCG-1",24,48
"GTTGGATTGAGAACAC-1",32,88
"GTTGGATTTGCGTTGG-1",36,50
"GTTGGTCATGCTATCC-1",55,63
"GTTGTCGTGTTAGTTG-1",15,47
"GTTTACGTTCCATCTG-1",48,64
"GTTTCATATCGTCGCT-1",39,27
"GTTTCCTGGAGGGTGA-1",25,49
"GTTTCTGCAGTCTCCC-1",40,72
"GTTTGACCAAATCCTA-1",30,58
"GTTTGGCCCAAGTTAT-1",42,80
"GTTTGGGCTTGTGAGC-1",51,65
"GTTTGGTAGGGTCAAC-1",53,59
"TAAACCCAGGAGGGCA-1",54,36
"TAAAGAGCCCGAAACC-1",10,46
"TAAAGCGTTAGGAGAA-1",28,88
"TAAATGAATCCGTTTC-1",23,29
"TAACAAAGGGAGAAGC-1",21,35
"TAACAATATTTGTTGC-1",28,16
"TAACATACAATGTGGG-1",38,70
"TAACATACACGCGATC-1",55,25
"TAACCGCCCGCAGTGC-1",9,49
"TAACGCTTTGAGAGCG-1",27,29
"TAACTATCGAAGGTCC-1",24,34
"TAACTCATCCGCGCGG-1",43,49
"TAAGCAGGCGACACGC-1",35,19
"TAAGGAACTTGTGGGA-1",16,40
"TAAGGCAACATAAGAT-1",25,71
"TAAGGCATAACATCAA-1",57,49
"TAAGGCCCGTCACCCT-1",62,70
"TAAGGGCTGGGAGAGG-1",34,18
"TAAGTAACATCTTGAC-1",46,40
"TAAGTCGCCGAGTATC-1",54,32
"TAATACACAGTAGTAT-1",20,64
"TAATAGAACAGAGTTA-1",50,38
"TAATAGTGACGACCAG-1",27,83
"TAATATTGAAATTCGC-1",17,47
"TAATCGATCCGTACGT-1",25,93
"TAATTAGATGGATATG-1",10,32
"TACAACGCACAACTCA-1",41,49
"TACAAGTCTCGTGCAT-1",31,27
"TACATAGGCATACACC-1",40,60
"TACATTTCTAACGTGC-1",39,55
"TACCAAATAGCCCAGA-1",59,61
"TACCAATAAAGTACCA-1",55,83
"TACCAGAAGTAGGTTC-1",49,51
"TACCAGCTAGGTTTAA-1",11,65
"TACCGGCTCACTGCCC-1",47,65
"TACCGGTCGTTTCCAT-1",44,34
"TACCGTGCCTCGGACC-1",51,69
"TACCTACTCCCAGTAT-1",58,62
"TACCTCACGCTTGTAC-1",16,56
"TACCTGCTGCACTGTG-1",28,22
"TACCTTAAGATTTCCC-1",49,29
"TACGAACACGACTTCA-1",31,53
"TACGACGCTTGCTGCG-1",46,54
"TACGACTGCCTCTTAG-1",44,66
"TACGAGAACTTCACGT-1",35,39
"TACGATGTTGATCATC-1",35,35
"TACGCAGTTCTTTCCT-1",41,51
"TACGCCATATTCTAAT-1",40,58
"TACGCCGAGGGTACCC-1",56,34
"TACGCCTCCATTCCGA-1",55,59
"TACGGGATGCTAGCAG-1",21,83
"TACGTGCACTATGCTG-1",21,33
"TACGTTTACCGGCAAT-1",40,32
"TACTCGGCACGCCGGG-1",36,16
"TACTCTCCGAACAAAT-1",21,81
"TACTGAACAGATTTAG-1",56,44
"TACTGGACAGCTCGGC-1",35,25
"TACTTGTTAGTAGTCC-1",37,87
"TAGAAAGGTGGCGCTA-1",31,81
"TAGAATTAAGGGCAAC-1",10,76
"TAGACGCCCGTACCGG-1",32,90
"TAGAGATCATGCAACT-1",44,26
"TAGAGCTACGAAGAAC-1",13,53
"TAGAGTCTAAGCGAAC-1",29,55
"TAGATATGGACTGGAA-1",49,53
"TAGATCCGAAGTCGCA-1",10,72
"TAGATTCCTGGTTATT-1",32,20
"TAGCCATTTCAAAGTC-1",43,89
"TAGCCGGCGGTCAGCG-1",33,85
"TAGCGTCCGGTGTGGT-1",53,77
"TAGCGTTGGGTCTTAC-1",38,68
"TAGCTAAGTCCGGGAG-1",29,57
"TAGCTAGAAGGCATGA-1",51,51
"TAGCTCGCCTGATAAC-1",50,58
"TAGGCATGTTACGCCA-1",23,85
"TAGGGTGTTTCAAGAG-1",22,54
"TAGGTCCAAGTAAGGA-1",29,23
"TAGGTGACGATAACCT-1",61,79
"TAGGTGAGCCCTACTC-1",29,33
"TAGGTGCTCGCCTAGC-1",40,86
"TAGGTTCGAGTTCGTC-1",35,67
"TAGTACCTTAGTGGTC-1",21,21
"TAGTCCGCAGAGAATG-1",39,53
"TAGTCTAACAACGAGA-1",40,34
"TAGTGCCCTCCAGAGT-1",32,52
"TAGTGTCAGAAACGGC-1",21,19
"TAGTTAAGATAGGATA-1",12,82
"TAGTTTATTCTTGCTT-1",13,57
"TATAAATCCACAAGCT-1",20,44
"TATAAGTGAGGATAGC-1",21,39
"TATACACAGACGCCTT-1",50,60
"TATACACGCAAAGTAT-1",18,36
"TATACGCGTCATCACT-1",60,68
"TATACTCATGCGGCAA-1",20,18
"TATAGGGTACTCATGA-1",36,20
"TATATTCGCGTCGATA-1",8,62
"TATCACAGCACGGGCA-1",4,64
"TATCCAATTGGTTATC-1",55,79
"TATCCATATCATGCGA-1",18,52
"TATCCTGCATGGGAAT-1",14,54
"TATCGATCTATGCATA-1",22,88
"TATCGATGATTAAACG-1",23,49
"TATCTACAGAGGTAAT-1",30,24
"TATCTACCACAGCGGG-1",42,60
"TATGAAGACAGGTGCG-1",29,21
"TATGCTCCCTACTTAC-1",25,61
"TATGGATGTGCTACGC-1",26,54
"TATGGCCCGGCCTCGC-1",30,30
"TATGGGACCGAGCAGG-1",36,56
"TATGGGTACGTATCGT-1",32,58
"TATGGTCTGAGTAACA-1",36,58
"TATGTCAAGACCGACT-1",20,92
"TATGTCTCATTGTGCC-1",30,82
"TATTCAATTCTAATCC-1",34,74
"TATTCCACTCAGCTCG-1",49,57
"TATTCCGAGCTGTTAT-1",54,86
"TATTCCGGCAGTCCTA-1",5,57
"TATTCCTCCGCCCACT-1",48,32
"TATTCGTGCCAGAATA-1",34,64
"TATTTAGTCTAGATCG-1",18,58
"TATTTATACCGAGTAG-1",16,78
"TATTTGTTACCCTTTA-1",24,46
"TCAAACAACCGCGTCG-1",24,60
"TCAAACTTAGATTGTT-1",31,65
"TCAAATTTGAGACTCA-1",60,70
"TCAACAAAGATAATTC-1",53,29
"TCAACACATTGGGTAA-1",11,35
"TCAACCATGTTCGGGC-1",25,51
"TCAACGAGGAGACAAA-1",42,56
"TCAACGCAGGAAATAA-1",49,31
"TCAACGCGACCGGCAG-1",39,23
"TCAACTAACGTATAAC-1",31,19
"TCACAGCAAACTCGAA-1",51,49
"TCACAGGAGAATAAGA-1",55,49
"TCACAGGGAATCGCAA-1",47,79
"TCACAGGTTATTGGGC-1",32,48
"TCACATCTTATCTGAT-1",28,20
"TCACCCTCTTAAGATT-1",45,59
"TCACCGCTCGGCACTC-1",30,92
"TCACGATGTCCGTGGA-1",52,28
"TCACGCATTGTAGATC-1",33,49
"TCACGGTCATCGCACA-1",23,45
"TCACGTGCCCGATTCA-1",38,62
"TCAGACGCTATAGAAG-1",48,72
"TCAGCAAATGCATCTC-1",31,73
"TCAGGGCGCAAACTCG-1",22,16
"TCAGGGTGTAACGTAA-1",28,72
"TCAGGTTCTTTGAGAA-1",30,42
"TCAGTACTGACCCGCG-1",26,34
"TCAGTAGGGACTATAA-1",46,48
"TCATACTTACAGATCC-1",22,24
"TCATCCCAGAGGGTGG-1",12,70
"TCATCGATGGTCCCAA-1",57,29
"TCATGCAGGTTCTCAT-1",18,84
"TCCAACTTTAAATTCT-1",40,40
"TCCACAATGGTTTACG-1",30,36
"TCCACTTTATCTAGGT-1",31,79
"TCCAGAGCACCGGTTC-1",40,70
"TCCAGGCGAGTACGGT-1",31,57
"TCCATTGTGACCTCGT-1",8,76
"TCCCAAAGACGAAGGA-1",26,60
"TCCCAGCTTTAGTCTG-1",34,56
"TCCCAGGCTTAGCTAA-1",30,48
"TCCCGCGTACTCCTGG-1",27,69
"TCCCGGGTGTGCTGCT-1",34,34
"TCCCGGTCAGGAATTT-1",8,36
"TCCCGTCAGTCCCGCA-1",23,75
"TCCCGTGTGCAATTTG-1",44,80
"TCCCTGGCTCGCTGGA-1",33,27
"TCCCTTAGATTACTCG-1",18,86
"TCCGAACTTGGCTTAC-1",33,19
"TCCGATAATTGCCATA-1",18,64
"TCCGATGACTGAGCTC-1",22,76
"TCCGATGGTGCGACAT-1",25,53
"TCCGATTACATTGCCG-1",32,32
"TCCGCCTGTCTACAAG-1",56,74
"TCCGCGGCAGCATCTG-1",34,84
"TCCGCTGTCATCCCGG-1",47,81
"TCCGCTTATCCCATTA-1",50,64
"TCCGGTTCGTCCGGTC-1",51,53
"TCCGTTTAGCCTTGAA-1",29,89
"TCCTAAATTGGGAAGC-1",56,70
"TCCTACATCCACGGCC-1",46,84
"TCCTAGCAAAGAAGCT-1",41,41
"TCCTCCTAAGACATTC-1",47,21
"TCCTCGGGCTGGGCTT-1",40,76
"TCCTCTACGAGATGGC-1",26,32
"TCCTCTCCAGTTGTCC-1",30,20
"TCCTGCGTTGATACTC-1",38,30
"TCCTTCAGTGGTCGAA-1",15,69
"TCCTTTCTTACGCTTA-1",30,62
"TCGAAATTTAGGACCA-1",29,45
"TCGAGACCAACACCGT-1",37,55
"TCGAGCCAGGCAGGCC-1",57,37
"TCGATAGGCTAGTCGC-1",8,48
"TCGCAAAGATGCATTT-1",47,75
"TCGCACCAGGAGGCAG-1",50,80
"TCGCATTCAATGACTT-1",9,37
"TCGCCGAAGTTGCGTC-1",45,37
"TCGCCGGTCGATCCGT-1",19,61
"TCGCGTCCAGAAGGTC-1",31,29
"TCGCTAAACCGCTATC-1",19,89
"TCGCTCGATATATTCC-1",29,63
"TCGCTGGGCGGATTGT-1",28,74
"TCGCTGTGCGTAAATC-1",17,41
"TCGCTTTAAACGTTTG-1",25,87
"TCGGAATGCGCTCTGA-1",30,28
"TCGGACGCCCAGCCCA-1",33,79
"TCGGAGAGTATCGGGA-1",45,23
"TCGGAGTACATGAGTA-1",32,74
"TCGGGAGACAGCGTAC-1",59,71
"TCGGGCCGTCGTGGTA-1",40,88
"TCGGGTGAAACTGCTA-1",10,56
"TCGTAAGACGACATTG-1",27,77
"TCGTATAGTGCAATTA-1",12,56
"TCGTATTACCCATTGC-1",37,25
"TCGTCAAGTACGCGCA-1",56,38
"TCGTCACACTGTTAGC-1",27,19
"TCGTCCGCTGGCGTCT-1",22,40
"TCGTCTTAGGCGTTAA-1",53,83
"TCGTGTACTATGGATG-1",47,77
"TCGTGTCACGCTGACA-1",43,23
"TCGTTAGGAGTCCCTA-1",52,54
"TCGTTCGTTATTATGT-1",10,62
"TCGTTGCTATCCGGTC-1",54,46
"TCTAATACTGCCTCAG-1",57,25
"TCTACCGTCCACAAGC-1",27,67
"TCTAGCAATCTCCGCC-1",46,30
"TCTAGCATCTTCGATG-1",23,43
"TCTAGCATGCCCAGAA-1",48,66
"TCTAGTTATCAGAAGA-1",34,54
"TCTATCATGCAGTTAC-1",18,40
"TCTATCGGTCGCAACA-1",22,64
"TCTATTACGCTGGCGA-1",14,34
"TCTCCAACGTAGGTTA-1",20,78
"TCTCCCTGGGCAGCGT-1",54,80
"TCTCTAATAGCTGGTA-1",20,52
"TCTGAACCGGTCGGCT-1",21,37
"TCTGAAGCACGTGGTC-1",56,84
"TCTGAATTCCGTACAA-1",34,94
"TCTGATGTATTCTGTC-1",51,83
"TCTGCCAGAAACTGCA-1",41,79
"TCTGCGTCCGGTTTCT-1",15,23
"TCTGGGTAGCGCTCAT-1",40,36
"TCTGTCATACAAGAGC-1",10,44
"TCTGTGCCATCATAGT-1",32,80
"TCTGTTACCCAGCATA-1",51,35
"TCTTACAGAGGTACCG-1",15,45
"TCTTACCGGAACTCGT-1",21,91
"TCTTACGGCATCCGAC-1",25,29
"TCTTCGAATAGACGTT-1",39,71
"TCTTCGATACCAATAA-1",32,66
"TCTTGATGCGTAGCGA-1",32,68
"TCTTGGTAACACCAAA-1",21,65
"TGAAACTTATGCAAGC-1",11,73
"TGAAAGGACCTGACTC-1",35,83
"TGACCCACGTTAGACA-1",33,47
"TGACGAATATTTCCCT-1",44,22
"TGACGATGCACTAGAA-1",37,95
"TGACTATAATCCTTTC-1",46,68
"TGAGAATGCTTTACCG-1",18,54
"TGAGAGATTTACCACG-1",41,91
"TGAGATCAAATACTCA-1",7,63
"TGAGCCATACAGTCTC-1",42,38
"TGAGCGGAAAGTGTTC-1",55,65
"TGAGCTTTAATGACGC-1",19,85
"TGAGGAGTGCCAGCTT-1",58,58
"TGAGTAAATTAGCGTA-1",47,57
"TGAGTGCCTCTTAAAT-1",45,41
"TGAGTGGTCCGTGACG-1",30,84
"TGATACATTTAGCCGT-1",55,43
"TGATCAGGGAACTGCT-1",42,24
"TGATCGGTTTGACCCT-1",28,54
"TGATCTCCGGCGCCAG-1",28,50
"TGATTCGTCTATCACT-1",31,41
"TGATTCTGTCGCCGGT-1",48,44
"TGATTTATTAGCTGTG-1",38,34
"TGATTTCCTCCTGACG-1",16,34
"TGCAAGAATGACGTAA-1",30,60
"TGCACGAGTCGGCAGC-1",6,66
"TGCAGAACTATATCGT-1",42,22
"TGCAGAGTACCGAGCA-1",38,46
"TGCAGATCGTCCTAGG-1",42,18
"TGCAGGATCGGCAAAG-1",24,74
"TGCAGTTTCCTCCCAT-1",40,90
"TGCATATGTCTGTCAC-1",35,85
"TGCATGGATCGGATCT-1",19,67
"TGCATGTGGTAATCTA-1",29,81
"TGCCAAAGTCAGACTT-1",43,19
"TGCCAATGGGTACTCT-1",54,52
"TGCCACCTGGCGAAAC-1",20,76
"TGCCAGTACGTGGAGA-1",51,71
"TGCCATTACTAAAGAA-1",21,87
"TGCCCGTACCGTTAAA-1",45,75
"TGCCGTGGATCGTCCT-1",57,63
"TGCCTGATCAAACGAT-1",20,70
"TGCCTTGGCCAGGCAA-1",52,82
"TGCGACACCCTAGTGC-1",46,46
"TGCGAGAATATTACCC-1",50,40
"TGCGCAAAGCATTTGG-1",31,67
"TGCGCGATTAACGGAG-1",27,41
"TGCGGAGTAAAGGTGC-1",22,70
"TGCGGCATAGTTCAAC-1",12,54
"TGCGGTGAAATTTCAT-1",12,66
"TGCGTAAGAACCTGAT-1",43,43
"TGCGTTTGTTGACACT-1",42,76
"TGCTATACAAACGGAC-1",5,55
"TGCTCGGCGAAACCCA-1",57,61
"TGCTGGTTGGACAATT-1",21,41
"TGCTGTTGAAGAACTC-1",38,66
"TGCTTCCCAAGCAGTA-1",62,66
"TGGAAGAAGGGAACGT-1",39,35
"TGGAAGACGAACACCA-1",14,46
"TGGAAGGATAAAGATG-1",20,68
"TGGAATTAGACGCTTT-1",26,18
"TGGACCAATCTAAGAT-1",62,80
"TGGACTGTTCGCTCAA-1",37,73
"TGGAGCTAAAGTTCCC-1",6,68
"TGGAGTGATGCGATGA-1",29,41
"TGGCAAACTAAATTAC-1",50,78
"TGGCAACTCGCGCGCC-1",22,86
"TGGCAGATTACGATCA-1",44,58
"TGGCAGCAGTAATAGT-1",39,61
"TGGCCAAACTGAAGTA-1",28,76
"TGGCCGTATATTGACC-1",26,38
"TGGCGACTGCTCCAAA-1",55,47
"TGGCGATCAAGTTATG-1",51,55
"TGGCGGTGTGCGATTG-1",7,43
"TGGCTTTGGGTAGACA-1",19,51
"TGGGAAATGCCTTTCC-1",23,27
"TGGGCACAAACAGAAC-1",8,46
"TGGGCACGTTCTATGG-1",15,73
"TGGGCCACAAGAGCGC-1",18,72
"TGGGTAAGGTTCCCGC-1",13,79
"TGGTATCGCATCCCAA-1",8,68
"TGGTATCGGTCTGTAT-1",7,59
"TGGTCCCACGCTACGG-1",52,74
"TGGTCTGTTGGGCGTA-1",37,29
"TGGTTCAACGGGTAAT-1",50,74
"TGGTTCGTAGCAAAGG-1",23,55
"TGTACGAACAAATCCG-1",38,58
"TGTAGGAGAAATTTCC-1",34,86
"TGTAGTGATCTATAAT-1",35,33
"TGTATAACAGATCCTG-1",29,79
"TGTATCCTTATTCCAT-1",10,50
"TGTCCCGACATAGCAC-1",11,57
"TGTCCGTGGCGCCTTT-1",30,18
"TGTCCTAAGTCACCGC-1",34,30
"TGTCTACAGTTTCTGT-1",11,53
"TGTGACTACGCCAGTC-1",21,73
"TGTGAGACTAGCCCAA-1",59,63
"TGTGCTTTACGTAAGA-1",36,18
"TGTGGCAAAGCGTATG-1",29,87
"TGTGTCGCGAGTTGCA-1",24,36
"TGTGTTCGTATCCAAG-1",31,21
"TGTTATTGTATGTGGC-1",44,86
"TGTTCCGCTTCCATGA-1",36,44
"TGTTCGTATTGCGGTG-1",49,61
"TGTTCTTCCATTGACT-1",33,43
"TGTTGTCAAGAAGTCT-1",24,82
"TGTTTAATACTTCATC-1",9,77
"TGTTTCGGTACTTCTC-1",18,56
"TTAAACCGGTAGCGAC-1",8,52
"TTAAACTCGAATTCAT-1",31,95
"TTAACACCTCGAACAT-1",24,22
"TTAACCAACCCTCCCT-1",19,55
"TTAACGTCGCAAGACC-1",10,54
"TTAACTTCAGGTAGGA-1",46,26
"TTAAGCCGACAACTTC-1",13,77
"TTAAGCGCCTGACCCA-1",30,44
"TTAAGGATACGGAGGT-1",7,39
"TTAAGGCCCGTACTTT-1",59,25
"TTAATCAGTACGTCAG-1",18,76
"TTAATGTAGACCAGGT-1",30,68
"TTAATTGCTTTGGGTG-1",62,76
"TTAATTTCAGACGCGG-1",17,69
"TTACAACTACGCATCC-1",24,52
"TTACAGACCTAAATGA-1",26,96
"TTACATCGTGGCCTGG-1",20,36
"TTACCATTGATTACCC-1",34,28
"TTACCCATTGCCGGGT-1",17,85
"TTACGGATGGTTCGAG-1",33,93
"TTACTAAAGGACTTTA-1",48,78
"TTACTATCGGCTTCTC-1",34,16
"TTACTCCGGCCGGGAA-1",34,78
"TTACTCTGGTACGTAC-1",43,31
"TTACTGGGATATTTCA-1",44,54
"TTAGAAGAACATGACT-1",52,64
"TTAGACACGATCGTTG-1",16,86
"TTAGACGAGTCACCTC-1",48,80
"TTAGAGTTTAGAAGGA-1",46,86
"TTAGCAACATGGATGT-1",20,28
"TTAGCTCTGTAATCCG-1",31,15
"TTAGCTGATTTGCCGT-1",38,94
"TTAGTAGGGCGGCGGG-1",34,26
"TTATAGATGCACATTA-1",5,53
"TTATAGGTAATTGTCT-1",61,73
"TTATATACGCTGTCAC-1",38,74
"TTATATTTGGCAATCC-1",26,64
"TTATCGCCTGCGAAGC-1",27,17
"TTATCTGTATCATAAC-1",22,60
"TTATGAATGAAAGGGA-1",41,63
"TTATGACAAACTGGAT-1",27,35
"TTATGATCTTAACGAA-1",38,82
"TTATGCGTCCCGGTCC-1",7,45
"TTATGTTTGCGATAGA-1",26,20
"TTATTAGAGCGTGTTC-1",46,70
"TTATTAGGGAAGCATC-1",15,59
"TTCAAAGTCTCTAGCC-1",35,75
"TTCAACGACCCGACCG-1",20,48
"TTCAAGCCGAGCTGAG-1",13,75
"TTCAATACTCTGAATC-1",38,86
"TTCAATTAGCCATAAT-1",7,77
"TTCACGAAAGGATCAC-1",38,54
"TTCACTCGAGCACCTA-1",55,69
"TTCAGCCCTGGTCCAC-1",47,85
"TTCATGGCGCAACAGG-1",19,75
"TTCCAATCTGGCTATC-1",48,46
"TTCCACACAGATTTGA-1",50,46
"TTCCGCGTGAGGCGAT-1",46,64
"TTCCGGCCTTGAGGCT-1",54,44
"TTCCGGTTACCCACTT-1",45,87
"TTCCTCGAGGGTGTCT-1",21,49
"TTCCTCGGACTAACCA-1",50,86
"TTCCTCTGCCCGAATA-1",35,15
"TTCGACAGAGCCCGTG-1",52,68
"TTCGACGGGAAGGGCG-1",24,44
"TTCGCACTCGCGTGCT-1",25,45
"TTCGGCAACCCGCTGA-1",16,88
"TTCGGCTAGAGATGGT-1",18,24
"TTCGGGACTAATCGCG-1",36,72
"TTCGGGCGCTAGTCTT-1",55,37
"TTCGTACTCCAGAACG-1",29,29
"TTCTAACCGAAGCTTA-1",34,90
"TTCTACTTGCGAGGGC-1",22,32
"TTCTAGGCCAATTGTG-1",22,44
"TTCTGACCGGGCTCAA-1",52,84
"TTCTGCCGCGCCTAGA-1",49,69
"TTCTGCGAGCGCCCTT-1",33,17
"TTCTGCGGGTTAGCGG-1",40,80
"TTCTTAGTGAACGGTG-1",18,34
"TTCTTAGTGGCTCAGA-1",17,61
"TTCTTGAGCCGCGCTA-1",47,41
"TTCTTGGACGATCTGC-1",52,32
"TTCTTGGAGTAATGAG-1",21,79
"TTCTTGTAACCTAATG-1",23,35
"TTGAACGAATCCTTTG-1",19,21
"TTGAAGAATTCCCAGG-1",32,50
"TTGAATATGGACTTTC-1",34,76
"TTGACATGAACGTGGA-1",44,32
"TTGACCAGGAACAACT-1",64,80
"TTGACCATGTTCTCCG-1",24,78
"TTGACCGTGTTAATGA-1",50,34
"TTGACGATTCAGCACG-1",9,51
"TTGACTACCATATGGT-1",43,41
"TTGAGAGTACTGCTAA-1",44,38
"TTGATCTAACTTTGTC-1",29,47
"TTGATGTGTAGTCCCG-1",24,90
"TTGATTAGCTGTTTCT-1",48,34
"TTGATTATGCAGATGA-1",27,33
"TTGCACAATTCAGAAA-1",43,57
"TTGCACGGAGCAGCAC-1",21,59
"TTGCATGCTGATCACG-1",41,35
"TTGCCATAGCCCGCTC-1",54,24
"TTGCCCTGATCACGGG-1",36,34
"TTGCCGCTTTCTAGTA-1",62,78
"TTGCGGCATCAGAAAG-1",53,45
"TTGCGTAGTTTGAGGA-1",25,19
"TTGCGTCGGCCAACCG-1",51,41
"TTGCTCCCATACCGGA-1",22,72
"TTGCTGAAGGAACCAC-1",19,57
"TTGCTGATCATGTTCG-1",33,57
"TTGCTGCACCTATCCA-1",22,20
"TTGCTGGCCGGGCTTC-1",8,78
"TTGGAAGAATACAGTC-1",50,24
"TTGGACATGTGGCTTA-1",41,29
"TTGGACCTATAACAGT-1",56,86
"TTGGAGTCTCCCTTCT-1",8,44
"TTGGATATCGTCTACG-1",48,52
"TTGGATCGACTTCTGG-1",10,60
"TTGGATTGGGTACCAC-1",17,55
"TTGGCCATCTTGCGCT-1",17,21
"TTGGCCTAGAATTTCG-1",16,82
"TTGGCTCGCATGAGAC-1",23,37
"TTGGGACACTGCCCGC-1",28,70
"TTGGGCGGCGGTTGCC-1",30,76
"TTGGTCACACTCGTAA-1",48,48
"TTGGTTGCGGTGCGCG-1",53,23
"TTGTAAGGACCTAAGT-1",46,32
"TTGTAAGGCCAGTTGG-1",27,81
"TTGTAATCCGTACTCG-1",35,55
"TTGTATCACACAGAAT-1",12,74
"TTGTCGTTCAGTTACC-1",22,58
"TTGTGCAGCCACGTCA-1",60,74
"TTGTGGCCCTGACAGT-1",18,60
"TTGTGGTAGGAGGGAT-1",50,28
"TTGTGTATGCCACCAA-1",56,60
"TTGTGTTTCCCGAAAG-1",51,59
"TTGTTAGCAAATTCGA-1",22,42
"TTGTTCAGTGTGCTAC-1",24,64
"TTGTTGTGTGTCAAGA-1",31,77
"TTGTTTCCATACAACT-1",45,27
"TTGTTTGTGTAAATTC-1",7,51
